wall_time,step,value
1695486519.0726466,49,1.1139428615570068
1695486523.5260527,99,1.3014085292816162
1695486527.9975798,149,1.0514752864837646
1695486532.380681,199,1.2077066898345947
1695486537.3883357,249,1.238957166671753
1695486541.8289502,299,1.1764909029006958
1695486546.29749,349,1.207651972770691
1695486551.0268347,399,1.3013900518417358
