wall_time,step,value
1695486017.0575898,49,1.0621144771575928
1695486021.4207757,99,1.0458844900131226
1695486026.1300902,149,1.070580005645752
1695486030.5468502,199,1.0202785730361938
1695486035.6659715,249,1.0224121809005737
1695486039.9261956,299,0.9265378713607788
1695486044.1926093,349,0.8968688249588013
1695486048.4439378,399,1.0674638748168945
1695486053.2739432,449,1.0723823308944702
1695486057.4799697,499,0.9772047996520996
1695486062.0045016,549,0.952732503414154
