wall_time,step,value
1695486264.2593691,49,1.307654857635498
1695486268.1918283,99,1.113497257232666
1695486272.2079391,149,1.0713269710540771
1695486276.111923,199,1.09762704372406
1695486280.627139,249,1.011225700378418
1695486284.5437438,299,1.137061595916748
1695486288.5064816,349,0.9010944366455078
1695486292.784691,399,0.9943791627883911
1695486297.3722515,449,1.1296275854110718
1695486301.3402722,499,0.8951514959335327
1695486305.3095675,549,1.0425434112548828
