wall_time,step,value
1695485240.183171,49,1.2341177463531494
1695485244.2712464,99,1.2112877368927002
1695485248.4274113,149,1.155177116394043
1695485252.5749023,199,1.0522966384887695
1695485257.5457246,249,1.1498037576675415
1695485261.688533,299,1.1772480010986328
1695485265.827401,349,1.179182767868042
1695485269.924642,399,1.2593952417373657
