wall_time,step,value
1695480710.4773333,49,1.1764469146728516
1695480713.5507643,99,1.2389272451400757
1695480716.6314154,149,1.1139464378356934
1695480719.6947718,199,1.3900997638702393
1695480723.197366,249,1.051450490951538
1695480726.2820036,299,1.238910436630249
1695480729.3641822,349,1.145196795463562
1695480732.5879617,399,1.2932673692703247
