wall_time,step,value
1695480947.6178374,49,1.2063400745391846
1695480950.6971164,99,1.1700363159179688
1695480953.8788033,149,1.3322713375091553
1695480957.0045516,199,1.1806409358978271
1695480960.6105065,249,1.156820297241211
1695480963.8027222,299,1.0590791702270508
1695480966.9319944,349,0.9829096794128418
1695480970.0290608,399,1.2446116209030151
1695480973.525052,449,0.963198721408844
