wall_time,step,value
1695481056.2344987,49,1.0873836278915405
1695481059.104168,99,0.9895788431167603
1695481062.061733,149,0.9567488431930542
1695481065.0187879,199,1.0108858346939087
1695481068.3268006,249,0.8264204859733582
1695481071.3245134,299,0.731107234954834
1695481074.269304,349,0.8359403610229492
1695481077.2238047,399,0.7731007933616638
1695481080.5723815,449,0.7100269794464111
1695481083.6174343,499,0.7930768132209778
1695481086.6314714,549,0.7426416277885437
