wall_time,step,value
1695480584.8912349,49,1.0872870683670044
1695480587.4527338,99,1.0513168573379517
1695480590.0372207,149,0.9938040375709534
1695480592.688666,199,0.9579529762268066
1695480595.6519995,249,0.9892077445983887
1695480598.2445374,299,1.058014154434204
1695480600.9195535,349,0.9832333922386169
1695480603.4741468,399,0.9865629076957703
